Country,LE_index,LE_female,LE_male,smoking,narco,Obesity,GDP,Happiness,ge,meat,corr,ed,aversal,inflation,co2,alcohol
Afghanistan,66.29,67.81,64.7,21.30,1.36,17.70,2202.00,1.72,0.72,9.60,16.00,0.38,0.17,5.70,0.14,0.40
Albania,79.78,81.59,77.92,20.70,0.70,26.60,23488.00,5.30,0.76,47.90,39.00,0.74,0.51,2.30,1.59,5.90
Algeria,76.48,77.91,75.1,21.10,2.46,24.20,17553.00,5.36,0.61,22.40,34.00,0.66,0.36,1.50,3.89,0.80
Andorra,84.19,86.24,82.26,36.40,1.74,20.50,74940.00,5.50,0.72,67.47,42.08,0.74,1.38,5.62,4.76,5.90
Angola,64.8,67.34,62.27,17.67,1.09,10.50,8348.00,5.50,0.67,34.00,32.00,0.53,0.13,14.56,0.57,6.00
Antigua and Barbuda,77.77,80.45,74.74,17.67,1.21,34.10,33602.00,5.50,0.72,136.20,42.08,0.78,0.96,3.10,2.99,6.50
Argentina,77.54,80.02,74.98,22.60,1.45,36.00,30175.00,6.19,0.76,116.90,36.00,0.87,0.53,32.40,4.05,6.80
Armenia,75.85,79.59,71.58,24.10,0.97,27.90,22823.00,5.46,0.73,56.40,46.00,0.78,0.65,4.30,2.20,5.70
Aruba,76.5,78.92,73.85,17.67,1.74,23.48,44967.00,5.50,0.72,67.47,42.08,0.67,1.20,0.40,4.22,5.43
Australia,84.07,85.49,82.28,0.10,6.56,31.80,71193.00,7.06,0.79,145.50,76.00,0.92,4.33,3.80,15.01,4.40
Austria,82.12,84.45,79.75,22.50,1.81,17.00,71618.00,6.91,0.74,91.30,69.00,0.87,2.28,2.20,6.75,12.00
Azerbaijan,74.58,77.29,71.71,18.70,0.49,27.50,25089.00,4.89,0.69,38.90,30.00,0.71,0.60,5.70,3.61,6.00
Bahamas,74.71,78.33,71.06,17.67,1.74,23.48,41198.00,5.50,0.72,109.30,64.00,0.75,1.97,1.20,3.64,6.70
Bahrain,81.42,82.13,80.85,14.30,1.74,37.20,67211.00,5.96,0.68,97.00,50.00,0.82,1.84,1.30,24.75,1.60
Bangladesh,74.93,76.67,73.3,30.80,2.34,5.30,9647.00,3.89,0.78,31.00,24.00,0.58,0.17,8.58,0.64,0.80
Barbados,76.33,78.76,73.75,6.70,0.35,38.20,22672.00,5.50,0.79,115.90,68.00,0.79,1.19,1.70,2.39,6.70
Belarus,74.62,79.22,69.74,28.90,3.17,26.60,33006.00,5.50,0.74,102.20,31.00,0.80,0.73,6.40,6.26,18.80
Belgium,82.27,84.45,80.06,26.30,1.97,22.00,72126.00,6.89,0.77,84.50,69.00,0.92,2.46,1.45,7.77,8.10
Belize,73.74,76.66,71.08,8.30,0.43,41.90,15093.00,5.50,0.70,61.80,36.00,0.64,0.58,0.04,0.67,7.30
Benin,60.96,62.42,59.52,5.50,2.36,9.90,4435.00,4.38,0.68,30.70,45.00,0.39,0.22,0.90,0.70,6.40
Bermuda,82.49,85.87,79.06,17.67,1.74,23.48,119719.00,5.50,0.72,67.47,42.08,0.67,1.20,2.20,4.90,5.43
Bhutan,73.26,75.27,71.57,17.60,0.97,12.00,16254.00,5.50,0.66,23.40,71.00,0.56,0.18,3.37,2.19,2.10
Bolivia,68.74,71.32,66.27,11.10,2.34,27.80,11190.00,5.78,0.75,79.90,28.00,0.74,0.59,17.41,1.82,6.70
Bosnia and Herzegovina,78.04,81.07,74.65,35.20,0.64,25.50,21971.00,5.88,0.72,50.00,34.00,0.72,1.03,3.60,6.81,6.00
Botswana,69.29,71.85,66.78,17.60,1.40,17.50,20538.00,3.38,0.73,31.10,58.00,0.66,0.52,4.10,3.37,7.10
Brazil,76.02,79.15,72.95,11.10,1.08,28.80,22333.00,6.27,0.72,107.30,35.00,0.71,0.51,4.44,2.22,4.20
Brunei,75.5,77.73,73.49,16.40,0.73,32.40,90007.00,5.50,0.72,67.47,42.08,0.69,1.82,-0.20,20.59,2.30
Bulgaria,75.8,79.36,72.33,38.80,0.87,24.20,41086.00,5.46,0.71,64.40,40.00,0.77,1.05,3.30,7.34,6.90
Burkina Faso,61.29,63.43,59.11,13.10,1.42,6.10,2896.00,4.55,0.66,43.20,40.00,0.30,0.18,-2.20,0.26,1.80
Burundi,63.82,65.88,61.75,10.10,0.77,4.50,950.00,5.50,0.76,5.80,17.00,0.39,0.42,15.20,0.07,6.80
Cambodia,70.82,73.36,68.15,15.30,0.45,4.40,7970.00,4.34,0.68,58.70,20.00,0.50,0.32,1.26,1.02,5.10
Cameroon,63.97,66.23,61.78,5.80,5.35,13.40,5592.00,4.87,0.70,30.70,26.00,0.59,0.19,2.50,0.36,7.00
Canada,82.72,84.91,80.53,10.70,8.70,27.30,65463.00,6.90,0.77,111.30,75.00,0.91,5.19,2.30,14.99,8.00
Cape Verde,76.22,79.37,73.05,10.20,1.74,15.10,31433.77,5.50,0.72,67.47,42.08,0.67,0.23,1.40,1.95,6.30
Cayman Islands,80.54,83,78.2,17.67,1.74,23.48,86689.00,5.50,0.72,67.47,42.08,0.67,1.20,0.10,4.29,5.43
Central African Republic,57.67,59.56,55.51,17.67,1.33,7.70,1264.00,5.50,0.72,45.30,24.00,0.52,0.18,0.40,0.05,3.80
Chad,55.24,57.19,53.36,0.10,2.27,5.70,2962.00,4.47,0.57,53.50,22.00,0.34,0.17,-4.30,0.11,0.70
Chile,81.36,83.23,79.45,0.30,0.65,39.50,34637.00,6.36,0.78,98.00,63.00,0.30,0.71,2.80,4.75,6.00
China,78.02,80.97,75.25,22.90,1.34,8.20,27105.00,5.97,0.69,102.00,43.00,0.84,1.23,0.20,8.89,4.40
Colombia,77.91,80.61,75.16,7.50,0.92,23.90,21495.00,5.70,0.76,67.00,37.00,0.69,0.42,5.35,1.71,7.00
Comoros,67.02,69.2,65.01,15.50,1.09,15.50,4055.00,3.57,0.67,45.40,20.00,0.70,0.16,-2.30,0.41,0.70
Costa Rica,81,83.58,78.37,8.10,1.10,32.00,30063.00,6.96,0.79,76.40,56.00,0.57,0.83,-2.54,1.69,6.90
Croatia,78.75,81.82,75.6,37.60,1.38,35.00,48575.00,5.94,0.73,98.60,47.00,0.74,1.07,3.80,4.41,5.80
Cuba,78.26,80.68,75.86,15.70,0.46,23.50,31433.77,5.50,0.72,77.70,40.00,0.67,0.21,12.52,2.24,6.60
Cyprus,81.82,83.8,79.84,0.40,0.92,25.10,61240.00,6.07,0.71,101.20,55.00,0.75,2.42,0.06,5.60,6.90
Czechia,79.97,82.75,77.18,29.40,1.06,31.10,56806.00,5.50,0.72,67.47,42.08,0.86,1.88,5.62,4.76,6.00
Denmark,82.09,83.98,80.21,14.40,3.09,14.30,77953.00,7.58,0.79,90.20,89.00,0.88,5.75,0.80,4.94,7.50
Djibouti,66.2,68.74,63.73,17.67,1.34,10.90,7776.00,5.50,0.72,18.80,31.00,0.93,0.25,0.20,0.67,0.80
Dominica,71.29,74.72,68.35,17.67,1.74,31.50,21301.00,5.50,0.72,87.90,60.00,0.35,0.54,1.84,1.03,6.80
Dominican Republic,73.87,77.1,70.66,9.80,1.53,29.10,27541.00,5.82,0.73,57.10,37.00,0.68,0.48,4.98,2.09,6.80
DR Congo,62.07,64.23,59.96,11.50,1.25,5.80,31433.77,3.30,0.60,7.50,42.08,0.67,0.19,5.62,0.03,5.00
Ecuador,77.58,80.3,74.88,9.80,1.30,27.00,15840.00,5.73,0.77,53.70,33.00,0.51,0.90,2.56,2.59,6.70
Egypt,71.81,74.01,69.65,25.80,0.13,43.00,19094.00,3.98,0.63,50.30,30.00,0.71,0.33,11.90,2.36,1.40
El Salvador,72.3,76.49,67.76,8.30,1.15,29.90,13264.00,6.47,0.71,45.30,32.00,0.69,0.50,0.65,1.27,6.20
Equatorial Guinea,63.91,65.89,62.22,17.67,4.22,17.20,17567.00,5.50,0.72,67.47,42.08,0.57,0.18,4.00,2.80,6.80
Eritrea,68.89,70.94,66.76,17.67,1.45,4.20,1742.00,5.50,0.72,67.47,42.08,0.61,0.17,9.00,0.24,2.20
Estonia,79.31,83.17,75.12,26.40,5.73,26.70,49321.00,6.45,0.80,82.50,76.00,0.37,1.88,3.10,8.03,12.00
Eswatini,64.26,67.11,61.32,9.30,2.93,27.30,11784.00,3.50,0.75,31.70,23.00,0.89,0.17,5.62,1.11,7.10
Ethiopia,67.6,71.02,64.35,5.10,0.71,2.40,3278.00,3.86,0.71,8.40,38.00,0.60,0.19,9.80,0.17,2.50
Faroe Islands,80.39,82.68,78.4,17.67,1.74,23.48,78165.00,5.50,0.72,67.47,42.08,0.67,1.20,0.70,4.76,5.43
Fiji,67.46,69.54,65.47,0.30,0.52,33.80,16032.00,5.50,0.65,67.40,55.00,0.36,0.29,-2.50,1.84,5.40
Finland,82.08,84.79,79.38,20.70,4.52,23.70,64091.00,7.74,0.88,104.90,88.00,0.73,4.20,-0.20,6.70,9.10
France,83.46,86.2,80.59,34.60,1.71,10.90,61322.00,6.61,0.77,111.50,66.00,0.93,3.76,1.00,4.76,7.00
French Polynesia,84.19,86.62,81.9,17.67,1.74,23.48,31433.77,5.50,0.72,135.50,42.08,0.67,1.20,5.62,3.41,5.43
Gabon,68.51,71.24,66.06,17.67,2.27,20.00,21510.00,5.11,0.70,95.70,29.00,0.83,0.17,2.10,2.27,6.90
Gambia,66.06,67.75,64.35,17.67,1.74,23.48,3445.00,4.49,0.67,40.60,37.00,0.66,0.18,6.42,0.23,1.00
Georgia,74.66,79.23,69.75,31.60,1.66,38.90,28418.00,5.19,0.73,45.10,50.00,0.40,0.64,4.60,3.17,4.60
Germany,81.54,83.88,79.21,19.70,2.00,24.20,72300.00,6.72,0.80,91.30,77.00,0.89,4.09,1.90,8.01,6.80
Ghana,65.7,68.16,63.31,3.10,3.31,12.10,8027.00,4.29,0.70,43.50,43.00,0.96,0.35,3.30,0.74,4.10
Greece,82.03,84.46,79.5,30.60,1.95,33.70,44074.00,5.93,0.71,96.20,50.00,0.54,1.52,2.50,5.45,6.10
Greenland,70.19,72.6,68.21,17.67,1.74,28.02,78841.00,5.50,0.72,67.47,42.08,0.67,1.20,5.62,8.32,5.43
Grenada,75.37,78.5,72.52,17.67,1.06,30.50,20167.00,5.50,0.72,91.30,56.00,0.88,0.65,0.39,1.05,6.60
Guatemala,72.75,75.04,70.44,11.80,1.89,25.20,14369.00,6.29,0.71,47.30,26.00,0.79,0.61,0.96,1.13,6.40
Guinea,60.9,62.09,59.66,17.67,2.17,8.30,4579.00,5.02,0.60,23.60,26.00,0.49,0.54,4.40,0.27,0.70
Guinea-Bissau,64.25,66.55,61.82,7.30,1.45,10.10,3053.00,5.50,0.72,16.50,21.00,0.36,0.18,5.62,0.17,1.00
Guyana,70.32,74.09,66.62,9.70,2.12,28.00,79906.00,5.50,0.77,76.80,40.00,0.42,0.18,3.50,4.63,7.20
Haiti,65.12,68.49,61.9,7.80,1.33,10.20,3183.00,5.50,0.72,25.00,16.00,0.65,0.22,25.00,0.30,6.90
Honduras,73.04,75.67,70.49,11.90,1.88,28.05,7486.00,5.97,0.73,35.30,22.00,0.50,0.63,4.23,1.01,6.70
Hong Kong,85.63,88.26,82.97,17.67,1.74,23.48,75216.00,5.32,0.72,202.00,76.00,0.52,3.18,1.10,4.34,5.43
Hungary,77.18,80.33,73.89,31.50,0.43,36.40,47636.00,6.02,0.68,89.40,40.00,0.90,1.30,2.10,4.88,36.90
Iceland,83.01,84.46,81.63,7.90,4.41,22.80,78259.00,7.53,0.93,180.80,77.00,0.83,6.55,5.20,9.36,4.40
India,72.24,73.86,70.73,21.80,0.94,7.20,11159.00,4.05,0.64,12.50,39.00,0.96,0.74,2.75,1.89,4.90
Indonesia,71.29,73.43,69.16,38.70,0.38,11.50,16448.00,5.57,0.69,62.30,34.00,0.57,0.45,4.76,2.48,0.80
Iran,77.85,79.81,76,12.50,2.62,25.30,18442.00,4.92,0.58,50.70,23.00,0.68,0.41,48.60,7.67,1.00
Iraq,72.42,74.18,70.5,19.20,1.73,37.40,14464.00,5.17,0.72,13.80,28.00,0.75,0.69,-1.20,4.40,0.40
Ireland,82.58,84.61,80.58,17.80,3.38,31.08,131175.00,6.84,0.80,101.80,76.00,0.57,4.73,2.70,7.39,8.50
Israel,82.73,84.71,80.67,19.20,0.69,23.40,55691.00,7.34,0.71,124.10,62.00,0.89,3.72,1.80,6.79,5.90
Italy,83.87,85.87,81.75,22.10,0.78,21.60,60847.00,6.32,0.70,99.40,53.00,0.86,2.87,1.60,5.42,1.30
Ivory Coast,62.11,64.31,60.17,0.10,1.74,10.60,31433.77,5.08,0.65,35.00,43.00,0.67,0.20,0.30,4.76,10.00
Jamaica,71.61,74.15,69.08,0.10,0.40,34.20,11662.00,5.84,0.76,86.70,44.00,0.42,0.65,3.90,2.14,5.20
Japan,84.85,87.88,81.83,17.80,0.33,4.90,51685.00,6.06,0.67,53.50,71.00,0.65,2.58,1.50,8.66,3.40
Jordan,77.98,80.33,75.89,36.30,1.64,35.60,10821.00,4.19,0.66,42.80,50.00,0.85,0.71,1.06,2.09,0.40
Kazakhstan,74.53,78.52,70.27,20.90,3.70,19.30,40813.00,6.19,0.70,74.70,38.00,0.70,0.78,11.70,12.27,6.00
Kenya,63.83,66.12,61.64,9.90,0.39,11.00,6619.00,4.47,0.69,13.60,30.00,0.82,0.52,4.30,0.40,4.00
Kiribati,66.6,68.32,64.69,36.80,0.42,46.20,3702.00,5.50,0.72,112.30,43.00,0.57,0.77,5.62,0.57,5.20
Kuwait,80.6,82,79.45,0.20,1.35,45.20,51636.00,6.95,0.65,86.70,46.00,0.63,1.96,2.07,23.99,0.40
Kyrgyzstan,71.82,75.4,68.31,26.90,2.46,24.40,8009.00,5.50,0.70,33.30,26.00,0.68,0.34,9.50,1.48,5.90
Laos,69.22,71.53,67.02,25.10,0.53,7.80,9788.00,5.14,0.69,53.10,34.00,0.76,0.22,6.20,2.66,5.20
Latvia,76.33,80.6,71.75,32.60,1.72,29.80,43867.00,6.23,0.78,95.70,60.00,0.48,1.41,2.90,3.56,15.50
Lebanon,77.95,79.86,75.88,34.10,4.25,31.10,12575.00,2.71,0.63,38.20,23.00,0.90,0.94,10.90,4.14,8.70
Lesotho,57.8,60.44,55.03,24.10,1.67,19.30,2999.00,3.19,0.69,14.80,37.00,0.62,0.13,4.10,0.34,5.20
Liberia,62.32,63.63,61.02,7.50,1.66,16.20,1885.00,4.27,0.76,23.40,28.00,0.56,0.15,3.20,0.30,5.20
Libya,71.12,72.68,69.63,17.67,6.17,36.20,13954.00,5.87,0.72,56.50,13.00,0.47,0.18,2.80,8.69,0.30
Liechtenstein,83.75,85.4,82,17.67,1.74,23.48,31433.77,5.50,0.72,67.47,42.08,0.67,4.43,0.10,4.76,5.43
Lithuania,76.17,80.8,71.41,30.20,4.14,31.10,54414.00,6.82,0.78,124.10,65.00,0.84,1.74,3.10,4.71,10.00
Luxembourg,82.36,83.94,80.75,22.30,1.05,20.20,150772.00,7.12,0.75,110.60,78.00,0.91,6.74,1.26,11.61,6.60
Macau,83.23,85.35,81.05,17.67,1.74,23.48,128268.00,5.50,0.72,67.47,42.08,0.67,2.22,0.54,4.76,5.43
Madagascar,63.83,65.6,62.12,25.10,0.39,3.80,1883.00,4.23,0.73,9.90,25.00,0.83,0.15,7.20,0.10,2.60
Malawi,67.56,70.77,64.27,8.60,0.57,6.40,1859.00,3.42,0.72,33.60,34.00,0.41,0.14,24.90,0.27,3.50
Malaysia,76.82,79.52,74.45,0.20,1.09,22.40,38729.00,5.98,0.68,119.30,52.00,0.49,0.96,1.60,8.00,3.00
Maldives,81.29,83,79.95,24.90,0.46,17.70,26543.00,5.50,0.63,101.20,39.00,0.72,0.21,0.40,4.16,2.30
Mali,60.67,62.15,59.25,7.30,1.30,10.00,3309.00,4.23,0.62,17.20,28.00,0.60,0.14,0.40,0.29,0.80
Malta,83.47,85.39,81.48,23.90,1.36,34.60,67364.00,6.35,0.73,102.00,49.00,0.25,1.32,2.30,3.25,3.60
Marshall Islands,67.08,69.48,65.03,30.40,1.74,47.30,8198.00,5.50,0.72,67.47,42.08,0.85,0.80,5.62,4.76,5.43
Mauritania,68.71,70.73,66.7,8.40,2.66,20.80,7271.00,4.51,0.68,39.50,30.00,0.88,0.15,4.40,0.95,0.40
Mauritius,75.1,78.34,72.11,20.50,1.16,19.50,31051.00,5.82,0.72,74.60,48.00,0.39,0.59,3.90,3.36,5.40
Mexico,75.26,78,72.44,14.10,1.18,36.10,25688.00,6.68,0.78,84.70,27.00,0.74,0.76,3.79,3.79,2.30
Micronesia,67.36,71.28,63.63,17.67,0.73,45.60,4346.00,5.50,0.72,106.90,42.08,0.71,0.62,5.62,4.76,5.30
Moldova,71.33,75.67,66.7,30.50,1.13,25.50,18716.00,5.82,0.81,50.30,42.00,0.59,0.62,4.80,2.85,6.00
Monaco,86.5,88.63,84.56,17.67,1.74,23.48,31433.77,5.50,0.72,67.47,42.08,0.67,0.49,5.62,4.76,5.43
Mongolia,71.99,76.66,67.49,29.20,1.15,24.00,19098.00,5.70,0.73,112.20,31.00,0.81,0.44,7.50,6.53,7.80
Montenegro,77.25,80.45,73.92,31.50,1.78,21.10,33380.00,5.71,0.71,93.00,46.00,0.72,1.04,2.90,4.76,6.00
Morocco,75.49,77.78,73.35,12.20,0.94,22.10,10305.00,4.80,0.63,57.00,39.00,0.84,1.76,-0.80,1.95,0.40
Mozambique,63.8,66.74,60.49,17.67,0.92,8.80,1700.00,5.22,0.74,21.00,21.00,0.61,0.17,3.04,0.31,3.20
Myanmar,67.1,70.38,63.99,42.30,0.84,7.50,5998.00,4.35,0.72,106.00,16.00,0.43,0.40,5.62,0.70,1.90
Namibia,67.52,71.48,63.45,13.20,1.74,15.30,11686.00,4.83,0.81,44.30,46.00,0.55,0.17,2.90,1.48,6.30
Nauru,62.28,64.19,60.41,46.70,1.74,70.20,14327.00,5.50,0.72,156.20,42.08,0.57,0.51,5.62,4.76,5.30
Nepal,70.64,72.14,69.09,25.70,0.42,6.60,5737.00,5.16,0.65,17.70,34.00,0.66,0.18,2.42,0.53,1.80
Netherlands,82.3,83.85,80.72,19.90,1.03,16.90,84218.00,7.32,0.76,81.00,78.00,0.50,4.69,2.40,7.52,1.50
New Caledonia,78.92,81.41,76.46,17.67,1.74,23.48,31433.77,5.50,0.72,101.70,42.08,0.67,1.20,0.40,18.67,5.43
New Zealand,82.24,83.89,80.6,10.90,1.38,34.20,55094.00,7.03,0.83,111.50,81.00,0.92,2.97,3.10,6.31,4.00
Nicaragua,75.1,77.58,72.46,17.67,0.86,32.40,8709.00,6.28,0.78,36.30,14.00,0.93,0.37,3.03,0.85,6.60
Niger,61.43,62.41,60.49,7.50,1.13,5.30,2015.00,4.56,0.61,10.10,31.00,0.59,0.15,-9.40,0.10,0.70
Nigeria,54.63,54.94,54.33,2.80,5.81,10.80,6440.00,4.88,0.65,13.80,26.00,0.24,0.27,15.10,0.55,0.60
North Korea,73.74,75.88,71.55,15.40,1.24,1.90,31433.77,5.50,0.72,24.60,15.00,0.67,0.14,5.62,2.07,3.50
North Macedonia,77.54,79.7,75.26,17.67,0.39,30.60,26587.00,5.37,0.70,46.50,40.00,0.55,0.77,5.62,4.53,6.00
Norway,83.46,84.97,81.94,12.20,4.45,19.80,101032.00,7.30,0.86,117.50,81.00,0.70,5.77,3.60,7.75,7.20
Oman,80.25,82.05,78.72,8.60,0.54,30.20,41664.00,5.50,0.64,69.50,52.00,0.94,1.73,1.40,19.38,0.40
Pakistan,67.8,70.32,65.46,17.20,0.54,21.80,6287.00,4.66,0.57,20.20,28.00,0.76,0.18,7.00,0.82,0.40
Palau,69.38,71.94,67.25,16.60,1.74,42.20,17532.00,4.88,0.72,67.47,42.08,0.37,0.20,5.62,76.41,5.30
Palestine,69.21,74.25,65.22,17.67,1.74,23.48,31433.77,5.50,0.72,67.47,42.08,0.67,0.10,-14.40,4.76,5.43
Panama,79.77,82.71,76.88,4.50,0.75,36.10,41405.00,6.36,0.74,100.50,33.00,0.70,0.82,0.20,2.59,6.80
Papua New Guinea,66.26,69.21,63.84,38.10,0.20,20.10,4889.00,5.50,0.64,77.00,26.00,0.72,0.18,4.70,0.46,5.30
Paraguay,73.98,77.09,71.01,9.40,0.57,32.10,18524.00,5.98,0.70,44.90,24.00,0.47,0.44,2.30,1.47,7.00
Peru,77.94,80.3,75.63,5.80,1.92,27.20,17802.00,5.84,0.74,80.40,30.00,0.68,0.49,2.21,1.84,8.90
Philippines,69.95,72.96,66.99,19.10,0.73,8.70,11794.00,6.05,0.78,62.90,32.00,0.74,0.39,2.40,1.36,5.30
Poland,78.81,82.49,75.1,22.10,0.69,31.40,50378.00,6.44,0.75,102.00,52.00,0.66,1.52,2.20,8.39,12.80
Portugal,82.55,85.25,79.68,25.80,0.64,27.10,50617.00,6.03,0.77,150.30,56.00,0.88,1.89,2.10,3.96,6.80
Puerto Rico,81.9,85.38,78.28,17.67,1.74,23.48,50155.00,5.50,0.72,67.47,42.08,0.67,1.20,2.00,3.89,5.43
Qatar,82.55,83.48,81.78,12.50,0.80,43.80,126110.00,5.50,0.72,97.10,58.00,0.79,3.28,2.28,35.48,0.30
Republic of the Congo,66,67.71,64.33,16.30,1.74,8.00,7026.00,5.22,0.72,64.50,42.08,0.71,1.20,-0.90,4.76,2.10
Romania,76.09,79.68,72.56,29.30,1.21,38.20,48712.00,6.49,0.70,74.60,45.00,0.62,1.41,9.60,4.03,2.80
Russia,73.34,79.19,67.48,28.90,5.40,28.00,47405.00,5.79,0.72,98.70,22.00,0.78,2.27,6.00,13.11,20.90
Rwanda,68.02,70.14,65.71,13.50,0.56,4.60,3711.00,5.50,0.76,13.00,58.00,0.85,0.19,7.50,0.12,7.00
Saint Kitts and Nevis,72.28,76.16,68.69,17.67,1.74,46.60,35545.00,5.50,0.72,108.40,42.08,0.48,1.71,5.62,4.76,6.60
Saint Lucia,72.85,76.45,69.45,13.30,0.92,33.90,27567.00,5.50,0.72,111.90,59.00,0.86,1.81,5.62,1.43,6.50
Saint Vincent and the Grenadines,71.38,74.48,68.78,17.67,1.04,33.60,21272.00,5.50,0.72,113.90,63.00,0.64,1.95,5.62,4.76,6.90
Samoa,71.83,73.82,69.96,20.80,0.42,61.20,7837.00,5.50,0.72,136.00,42.08,0.82,1.51,5.62,1.65,5.40
San Marino,85.82,87.22,84.32,17.67,1.74,23.48,75942.00,5.50,0.72,67.47,42.08,0.72,3.34,5.62,4.76,5.43
Sao Tome and Principe,69.9,73.91,66.41,8.10,1.30,15.00,6230.00,5.50,0.72,51.30,45.00,0.69,0.98,10.30,4.76,6.40
Saudi Arabia,78.98,81.33,77.33,0.20,2.02,41.40,71243.00,6.59,0.64,66.80,57.00,0.55,2.00,1.80,18.89,0.30
Senegal,68.92,71.01,67.01,5.80,1.58,8.70,5110.00,4.97,0.67,29.20,46.00,0.80,0.16,0.40,0.68,0.70
Serbia,76.94,80.18,73.68,0.40,0.66,26.01,31867.00,6.41,0.77,68.30,33.00,0.35,1.03,2.40,4.76,5.90
Seychelles,72.99,76.66,70.08,19.70,0.78,30.30,33239.00,5.50,0.72,119.30,68.00,0.79,0.22,0.10,8.72,7.30
Sierra Leone,61.96,63.7,60.23,0.10,3.17,6.50,3516.00,3.25,0.68,35.10,34.00,0.76,0.17,6.38,0.13,3.50
Singapore,83.86,86.36,81.38,16.20,0.26,13.50,150689.00,6.52,0.72,67.47,42.08,0.37,4.46,1.40,9.46,1.10
Sint Maarten,76.53,79.66,73.85,17.67,1.74,23.48,52085.00,5.50,0.72,67.47,42.08,0.67,1.20,5.62,4.76,5.43
Slovakia,78.49,81.71,75.21,32.80,0.68,30.30,47181.00,6.26,0.72,72.60,48.00,0.87,1.62,4.00,6.44,12.20
Slovenia,81.78,84.47,79.11,19.50,1.11,22.20,56531.00,6.74,0.77,85.80,58.00,0.84,2.72,2.90,6.59,13.90
Solomon Islands,70.69,72.18,69.36,36.10,0.18,21.60,2872.00,5.50,0.72,40.50,44.00,0.91,0.61,3.40,0.41,5.30
Somalia,58.97,61.55,56.49,17.67,0.62,12.70,1601.00,5.50,0.72,67.47,42.08,0.48,0.18,5.10,0.05,0.40
South Africa,66.31,69.79,62.78,20.50,1.52,30.00,15458.00,5.42,0.77,66.30,41.00,0.27,1.47,3.50,6.49,7.00
South Korea,84.43,87.28,81.32,18.50,0.20,6.70,31433.77,6.06,0.69,133.90,63.00,0.67,2.29,2.00,12.27,13.90
South Sudan,57.74,60.75,54.76,17.67,0.59,8.00,1155.00,5.50,0.72,23.90,9.00,0.88,0.18,113.00,4.76,5.43
Spain,83.8,86.44,81.1,27.80,1.10,19.20,56926.00,6.42,0.80,142.70,55.00,0.35,2.66,2.30,5.32,1.50
Sri Lanka,77.67,80.75,74.45,18.50,1.16,10.60,15633.00,3.90,0.65,40.80,35.00,0.85,0.18,1.60,0.81,3.10
Sudan,66.52,69.83,63.45,17.67,3.34,15.50,2127.00,5.50,0.57,21.50,14.00,0.75,0.18,5.62,0.50,1.30
Suriname,73.76,76.98,70.59,17.67,1.30,29.00,22067.00,5.50,0.74,78.80,38.00,0.37,0.38,11.00,5.28,6.90
Sweden,83.42,85.22,81.65,20.50,4.10,16.40,71030.00,7.34,0.82,100.20,80.00,0.59,4.08,0.50,3.61,11.00
Switzerland,84.09,85.95,82.17,25.30,1.84,13.70,93818.00,7.06,0.79,82.20,80.00,0.92,8.22,0.10,4.11,9.50
Syria,72.56,74.92,70.21,17.67,1.89,31.20,4650.00,5.50,0.72,18.10,15.00,0.92,0.19,11.35,1.26,0.60
Tajikistan,71.93,74.14,69.68,17.67,0.36,20.80,5406.00,5.28,0.65,37.90,19.00,0.40,0.28,3.60,1.04,0.90
Tanzania,67.21,70,64.4,8.10,1.48,11.40,4221.00,3.78,0.74,17.60,40.00,0.68,0.18,3.30,0.26,6.80
Thailand,76.56,80.98,72.34,18.30,1.11,14.50,24708.00,5.98,0.73,54.90,33.00,0.43,0.62,-0.88,3.94,5.40
Timor-Leste,67.9,69.67,66.26,17.67,1.74,23.48,4758.00,5.50,0.70,29.30,44.00,0.73,0.28,5.62,0.42,1.80
Togo,62.93,63.15,62.7,5.70,3.02,10.40,3239.00,4.21,0.66,24.20,32.00,0.57,0.17,5.62,0.27,9.50
Tonga,73.07,76.54,69.5,31.10,0.51,70.50,7853.00,5.50,0.72,67.47,42.08,0.55,0.18,5.62,1.59,5.20
Trinidad and Tobago,73.62,76.82,70.51,17.67,1.16,29.20,36021.00,5.50,0.77,99.50,41.00,0.82,0.93,0.70,19.53,6.70
Tunisia,76.71,79.33,74.13,19.50,1.88,28.03,14451.00,4.42,0.65,41.50,39.00,0.78,0.38,5.00,2.96,0.60
Turkey,77.42,80.34,74.62,30.20,1.13,34.30,43932.00,4.98,0.63,42.80,31.00,0.67,0.42,31.53,5.53,4.80
Turkmenistan,70.2,73.01,67,4.90,0.84,20.20,20408.00,5.50,0.72,52.30,17.00,0.79,0.76,5.50,9.67,5.90
Turks and Caicos Islands,78.18,80.45,76.01,17.67,1.74,23.48,37954.00,5.50,0.72,67.47,42.08,0.67,1.20,5.62,4.76,5.43
Tuvalu,67.26,70.86,63.91,32.20,1.74,63.90,6151.00,5.50,0.72,67.47,42.08,0.74,0.52,5.62,4.76,5.30
Uganda,68.49,71.37,65.49,6.40,1.09,6.90,3276.00,4.37,0.71,23.30,25.00,0.69,0.18,2.90,0.16,7.10
Ukraine,74.69,79.39,69.79,23.60,2.20,29.20,18550.00,4.87,0.72,63.30,42.08,0.53,0.54,7.40,3.23,6.00
United Arab Emirates,83.07,84.32,82.17,8.20,4.99,31.50,77959.00,6.73,0.72,67.47,42.08,0.74,3.77,2.17,21.36,0.70
United Kingdom,81.45,83.33,79.54,12.50,4.16,28.07,60620.00,6.75,0.84,97.00,70.00,0.90,4.29,3.00,5.00,8.70
United States,79.46,81.98,77.05,23.60,21.28,42.90,85810.00,6.73,0.72,67.47,42.08,0.94,6.56,2.40,14.21,13.90
United States Virgin Islands,75.7,81.48,70.73,17.67,1.74,23.48,49793.00,5.50,0.72,67.47,42.08,0.67,1.20,5.62,4.76,5.43
Uruguay,78.29,82.04,74.38,19.10,0.76,34.70,36418.00,6.61,0.72,67.47,42.08,0.91,1.23,3.11,2.52,6.40
Uzbekistan,72.53,75.55,69.56,15.80,0.91,28.05,11879.00,6.20,0.68,45.00,31.00,0.79,0.46,7.20,3.79,6.00
Vanuatu,71.65,74.11,69.58,17.67,0.24,28.05,3602.00,5.50,0.68,63.50,47.00,0.73,1.35,2.30,0.70,5.20
Venezuela,72.67,76.66,68.88,17.67,0.81,19.90,17349.00,5.61,0.72,43.00,10.00,0.57,0.31,172.00,3.44,6.90
Vietnam,74.74,79.38,70.05,21.70,1.31,22.80,16385.00,6.04,0.71,100.20,41.00,0.70,0.56,3.35,3.29,5.40
Yemen,69.44,71.55,67.37,20.60,2.68,2.10,3164.00,3.56,0.72,21.70,13.00,0.65,0.48,5.62,0.32,0.40
Zambia,66.53,68.87,64.1,14.10,1.19,11.60,4224.00,3.50,0.71,29.20,37.00,0.31,0.18,7.50,0.46,5.50
Zimbabwe,63.06,65.31,60.49,10.40,2.31,9.40,3922.00,3.34,0.75,54.90,22.00,0.55,0.17,3.80,0.64,6.40
